{
  "project" : {
    "id" : "elias-3238088-JSa",
    "name" : "elias-3238088-JSa",
    "folder" : "/jaicp"
  },
  "settings" : {
    "language" : "ru",
    "spellingCorrection" : false,
    "classificationAlgorithm" : "sts",
    "timezone" : "UTC",
    "businessShared" : false,
    "business" : false
  },
  "intents" : [ {
    "id" : 770473,
    "path" : "/включитьобщеепоследнееслово",
    "enabled" : true,
    "businessShared" : false,
    "business" : false,
    "phrases" : [ {
      "text" : "включи общее слово"
    }, {
      "text" : "включи общее последнее слово"
    }, {
      "text" : "включи последнее общее слово"
    }, {
      "text" : "включи последнее слово"
    } ],
    "patterns" : [ ]
  }, {
    "id" : 770474,
    "path" : "/включитьштраф",
    "enabled" : true,
    "businessShared" : false,
    "business" : false,
    "phrases" : [ {
      "text" : "установи штраф за пропуск слова"
    }, {
      "text" : "установи штраф"
    }, {
      "text" : "установи штраф за пропуск"
    }, {
      "text" : "включи штраф"
    }, {
      "text" : "включи штраф за пропуск слова"
    }, {
      "text" : "включи штраф за пропуск"
    }, {
      "text" : "установи штраф"
    }, {
      "text" : "установи штраф за пропуск слова"
    }, {
      "text" : "установи штраф за пропуск"
    } ],
    "patterns" : [ ]
  }, {
    "id" : 770475,
    "path" : "/выключитьобщеепоследнееслово",
    "enabled" : true,
    "businessShared" : false,
    "business" : false,
    "phrases" : [ {
      "text" : "выключи общее последнее слово"
    }, {
      "text" : "выключи общее слово"
    }, {
      "text" : "выключи последнее слово"
    } ],
    "patterns" : [ ]
  }, {
    "id" : 770476,
    "path" : "/выключитьштраф",
    "enabled" : true,
    "businessShared" : false,
    "business" : false,
    "phrases" : [ {
      "text" : "выключи штраф"
    }, {
      "text" : "выключи штраф за пропуск слова"
    }, {
      "text" : "выключи штраф за пропуск"
    }, {
      "text" : "убери штраф"
    }, {
      "text" : "убери штраф за пропуск"
    }, {
      "text" : "убери штраф за пропуск слова"
    } ],
    "patterns" : [ ]
  }, {
    "id" : 771518,
    "path" : "/датьновоеимя",
    "enabled" : true,
    "businessShared" : false,
    "business" : false,
    "phrases" : [ ],
    "patterns" : [ "переименуй команду @duckling.number", "дай новое имя команде @duckling.number", "новое имя команде @duckling.number" ],
    "slots" : [ {
      "name" : "номеркоманды",
      "entity" : "duckling.number",
      "required" : true,
      "prompts" : [ ]
    } ]
  }, {
    "id" : 771372,
    "path" : "/настройки",
    "enabled" : true,
    "businessShared" : false,
    "business" : false,
    "phrases" : [ {
      "text" : "открой настройки"
    }, {
      "text" : "настройки"
    }, {
      "text" : "перейди в настройки"
    }, {
      "text" : "зайди в настройки"
    }, {
      "text" : "настрой игру"
    } ],
    "patterns" : [ ]
  }, {
    "id" : 770477,
    "path" : "/начатьигру",
    "enabled" : true,
    "businessShared" : false,
    "business" : false,
    "phrases" : [ {
      "text" : "начни игру"
    }, {
      "text" : "включи игру"
    }, {
      "text" : "вруби игру"
    }, {
      "text" : "поехали"
    }, {
      "text" : "запусти игру"
    }, {
      "text" : "запустить игру"
    }, {
      "text" : "начать игру"
    }, {
      "text" : "врубить игру"
    } ],
    "patterns" : [ ]
  }, {
    "id" : 774509,
    "path" : "/начатьсначала",
    "enabled" : true,
    "businessShared" : false,
    "business" : false,
    "phrases" : [ {
      "text" : "начни заново"
    }, {
      "text" : "начни сначала"
    }, {
      "text" : "всё по новой"
    } ],
    "patterns" : [ ]
  }, {
    "id" : 772929,
    "path" : "/помощь",
    "enabled" : true,
    "businessShared" : false,
    "business" : false,
    "phrases" : [ {
      "text" : "открой помощь"
    }, {
      "text" : "помощь"
    }, {
      "text" : "помоги"
    }, {
      "text" : "подскажи"
    }, {
      "text" : "что ты умеешь"
    }, {
      "text" : "что умеешь"
    }, {
      "text" : "что делать"
    }, {
      "text" : "что я могу сделать"
    }, {
      "text" : "что можно сделать"
    } ],
    "patterns" : [ ]
  }, {
    "id" : 773989,
    "path" : "/правила",
    "enabled" : true,
    "businessShared" : false,
    "business" : false,
    "phrases" : [ {
      "text" : "правила"
    }, {
      "text" : "открой правила"
    } ],
    "patterns" : [ ]
  }, {
    "id" : 770478,
    "path" : "/удалитькоманду",
    "enabled" : true,
    "businessShared" : false,
    "business" : false,
    "phrases" : [ ],
    "patterns" : [ "удали команду @duckling.number", "убери команду @duckling.number", "убрать команду @duckling.number", "удалить команду @duckling.number" ],
    "slots" : [ {
      "name" : "номеркоманды",
      "entity" : "duckling.number",
      "required" : true,
      "prompts" : [ ]
    } ]
  }, {
    "id" : 770479,
    "path" : "/установитьдлительность",
    "enabled" : true,
    "businessShared" : false,
    "business" : false,
    "phrases" : [ ],
    "patterns" : [ "сделай раунд на @duckling.number секунд", "Поставь раунд на @duckling.number секунд", "раунд будет длиться @duckling.number секунд", "сделай раунд @duckling.number секунд" ],
    "slots" : [ {
      "name" : "длительностьчисло",
      "entity" : "duckling.number",
      "required" : true,
      "prompts" : [ ],
      "array" : false,
      "client" : false
    } ]
  }, {
    "id" : 770480,
    "path" : "/установитьколичествослов",
    "enabled" : true,
    "businessShared" : false,
    "business" : false,
    "phrases" : [ ],
    "patterns" : [ "установи количество слов на @duckling.number", "сделай @duckling.number слов", "сделай количество слов на @duckling.number" ],
    "slots" : [ {
      "name" : "количествослов",
      "entity" : "duckling.number",
      "required" : true,
      "prompts" : [ ],
      "array" : false,
      "client" : false
    } ]
  } ],
  "entities" : [ ],
  "enabledSystemEntities" : [ "duckling.number", "duckling.time", "duckling.duration", "duckling.phone-number", "duckling.email", "duckling.url" ]
}